car_ID,symboling,CarName,fueltype,aspiration,doornumber,carbody,drivewheel,enginelocation,wheelbase,carlength,carwidth,carheight,curbweight,enginetype,cylindernumber,enginesize,fuelsystem,boreratio,stroke,compressionratio,horsepower,peakrpm,citympg,highwaympg,price
1.0,3.0,1,1,1,1,1,1,1,88.6,168.8,64.1,48.8,2548.0,1,1,130.0,1,3.47,2.68,9.0,111.0,5000.0,21.0,27.0,269900.0
2.0,3.0,2,1,1,1,1,1,1,88.6,168.8,64.1,48.8,2548.0,1,1,130.0,1,3.47,2.68,9.0,111.0,5000.0,21.0,27.0,330000.0
3.0,1.0,3,1,1,1,2,1,1,94.5,171.2,65.5,52.4,2823.0,2,2,152.0,1,2.68,3.47,9.0,154.0,5000.0,19.0,26.0,330000.0
4.0,2.0,4,1,1,2,3,2,1,99.8,176.6,66.2,54.3,2337.0,3,1,109.0,1,3.19,3.4,10.0,102.0,5500.0,24.0,30.0,279000.0
5.0,2.0,5,1,1,2,3,3,1,99.4,176.6,66.4,54.3,2824.0,3,3,136.0,1,3.19,3.4,8.0,115.0,5500.0,18.0,22.0,349000.0
6.0,2.0,6,1,1,1,3,2,1,99.8,177.3,66.3,53.1,2507.0,3,3,136.0,1,3.19,3.4,8.5,110.0,5500.0,19.0,25.0,305000.0
7.0,1.0,5,1,1,2,3,2,1,105.8,192.7,71.4,55.7,2844.0,3,3,136.0,1,3.19,3.4,8.5,110.0,5500.0,19.0,25.0,354200.0
8.0,1.0,7,1,1,2,4,2,1,105.8,192.7,71.4,55.7,2954.0,3,3,136.0,1,3.19,3.4,8.5,110.0,5500.0,19.0,25.0,378400.0
9.0,1.0,8,1,2,2,3,2,1,105.8,192.7,71.4,55.9,3086.0,3,3,131.0,1,3.13,3.4,8.3,140.0,5500.0,17.0,20.0,477500.0
10.0,0.0,9,1,2,1,2,3,1,99.5,178.2,67.9,52.0,3053.0,3,3,131.0,1,3.13,3.4,7.0,160.0,5500.0,16.0,22.0,357183.34
11.0,2.0,10,1,1,1,3,1,1,101.2,176.8,64.8,54.3,2395.0,3,1,108.0,1,3.5,2.8,8.8,101.0,5800.0,23.0,29.0,328600.0
12.0,0.0,10,1,1,2,3,1,1,101.2,176.8,64.8,54.3,2395.0,3,1,108.0,1,3.5,2.8,8.8,101.0,5800.0,23.0,29.0,338500.0
13.0,0.0,11,1,1,1,3,1,1,101.2,176.8,64.8,54.3,2710.0,3,2,164.0,1,3.31,3.19,9.0,121.0,4250.0,21.0,28.0,419400.0
15.0,1.0,12,1,1,2,3,1,1,103.5,189.0,66.9,55.7,3055.0,3,2,164.0,1,3.31,3.19,9.0,121.0,4250.0,20.0,25.0,491300.0
18.0,0.0,13,1,1,2,3,1,1,110.0,197.0,70.9,56.3,3505.0,3,2,209.0,1,3.62,3.39,8.0,182.0,5400.0,15.0,20.0,737600.0
20.0,1.0,14,1,1,1,2,2,1,94.5,155.9,63.6,52.0,1874.0,3,1,90.0,2,3.03,3.11,9.6,70.0,5400.0,38.0,43.0,125900.0
21.0,0.0,15,1,1,2,3,2,1,94.5,158.8,63.6,52.0,1909.0,3,1,90.0,2,3.03,3.11,9.6,70.0,5400.0,38.0,43.0,131500.0
22.0,1.0,16,1,1,1,2,2,1,93.7,157.3,63.8,50.8,1876.0,3,1,90.0,2,2.97,3.23,9.41,68.0,5500.0,37.0,41.0,111440.0
23.0,1.0,17,1,1,1,2,2,1,93.7,157.3,63.8,50.8,1876.0,3,1,90.0,2,2.97,3.23,9.4,68.0,5500.0,31.0,38.0,127540.0
25.0,1.0,18,1,1,2,2,2,1,93.7,157.3,63.8,50.6,1967.0,3,1,90.0,2,2.97,3.23,9.4,68.0,5500.0,31.0,38.0,124580.0
26.0,1.0,19,1,1,2,3,2,1,93.7,157.3,63.8,50.6,1989.0,3,1,90.0,2,2.97,3.23,9.4,68.0,5500.0,31.0,38.0,133840.0
27.0,1.0,20,1,1,2,3,2,1,93.7,157.3,63.8,50.6,1989.0,3,1,90.0,2,2.97,3.23,9.4,68.0,5500.0,31.0,38.0,152180.0
28.0,1.0,21,1,2,1,3,2,1,93.7,157.3,63.8,50.6,2191.0,3,1,98.0,1,3.03,3.39,7.6,102.0,5500.0,24.0,30.0,171160.0
29.0,-1.0,22,1,1,2,4,2,1,103.3,174.6,64.6,59.8,2535.0,3,1,122.0,2,3.34,3.46,8.5,88.0,5000.0,24.0,30.0,178420.0
30.0,3.0,23,1,2,1,2,2,1,95.9,173.2,66.3,50.2,2811.0,3,1,156.0,3,3.6,3.9,7.0,145.0,5000.0,19.0,24.0,259280.0
31.0,2.0,24,1,1,1,2,2,1,86.6,144.6,63.9,50.8,1713.0,3,1,92.0,4,2.91,3.41,9.6,58.0,4800.0,49.0,54.0,129580.0
32.0,2.0,25,1,1,1,2,2,1,86.6,144.6,63.9,50.8,1819.0,3,1,92.0,4,2.91,3.41,9.2,76.0,6000.0,31.0,38.0,137100.0
33.0,1.0,24,1,1,1,2,2,1,93.7,150.0,64.0,52.6,1837.0,3,1,79.0,4,2.91,3.07,10.1,60.0,5500.0,38.0,42.0,107980.0
34.0,1.0,26,1,1,1,2,2,1,93.7,150.0,64.0,52.6,1940.0,3,1,92.0,4,2.91,3.41,9.2,76.0,6000.0,30.0,34.0,130580.0
35.0,1.0,25,1,1,1,2,2,1,93.7,150.0,64.0,52.6,1956.0,3,1,92.0,4,2.91,3.41,9.2,76.0,6000.0,30.0,34.0,142580.0
37.0,0.0,27,1,1,2,4,2,1,96.5,157.1,63.9,58.3,2024.0,3,1,92.0,4,2.92,3.41,9.2,76.0,6000.0,30.0,34.0,145900.0
38.0,0.0,28,1,1,1,2,2,1,96.5,167.5,65.2,53.3,2236.0,3,1,110.0,4,3.15,3.58,9.0,86.0,5800.0,27.0,33.0,157900.0
39.0,0.0,29,1,1,1,2,2,1,96.5,167.5,65.2,53.3,2289.0,3,1,110.0,4,3.15,3.58,9.0,86.0,5800.0,27.0,33.0,181900.0
40.0,0.0,30,1,1,2,3,2,1,96.5,175.4,65.2,54.1,2304.0,3,1,110.0,4,3.15,3.58,9.0,86.0,5800.0,27.0,33.0,176900.0
41.0,0.0,28,1,1,2,3,2,1,96.5,175.4,62.5,54.1,2372.0,3,1,110.0,4,3.15,3.58,9.0,86.0,5800.0,27.0,33.0,205900.0
42.0,0.0,24,1,1,2,3,2,1,96.5,175.4,65.2,54.1,2465.0,3,1,110.0,1,3.15,3.58,9.0,101.0,5800.0,24.0,28.0,258900.0
43.0,1.0,31,1,1,1,3,2,1,96.5,169.1,66.0,51.0,2293.0,3,1,110.0,2,3.15,3.58,9.1,100.0,5500.0,25.0,31.0,206900.0
44.0,0.0,32,1,1,2,3,1,1,94.3,170.7,61.8,53.5,2337.0,3,1,111.0,2,3.31,3.23,8.5,78.0,4800.0,24.0,29.0,135700.0
45.0,1.0,33,1,1,1,3,2,1,94.5,155.9,63.6,52.0,1874.0,3,1,90.0,2,3.03,3.11,9.6,70.0,5400.0,38.0,43.0,178330.0
47.0,2.0,33,1,1,1,2,1,1,96.0,172.6,65.2,51.4,2734.0,3,1,119.0,5,3.43,3.23,9.2,90.0,5000.0,24.0,29.0,220960.0
48.0,0.0,34,1,1,2,3,1,1,113.0,199.6,69.6,52.8,4066.0,1,2,258.0,1,3.63,4.17,8.1,176.0,4750.0,15.0,19.0,645000.0
49.0,0.0,35,1,1,2,3,1,1,113.0,199.6,69.6,52.8,4066.0,1,2,258.0,1,3.63,4.17,8.1,176.0,4750.0,15.0,19.0,711000.0
50.0,0.0,36,1,1,1,3,1,1,102.0,191.7,70.6,47.8,3950.0,2,4,326.0,1,3.54,2.76,11.5,262.0,5000.0,13.0,17.0,720000.0
51.0,1.0,37,1,1,1,2,2,1,93.1,159.1,64.2,54.1,1890.0,3,1,91.0,2,3.03,3.15,9.0,68.0,5000.0,30.0,31.0,103900.0
52.0,1.0,38,1,1,1,2,2,1,93.1,159.1,64.2,54.1,1900.0,3,1,91.0,2,3.03,3.15,9.0,68.0,5000.0,31.0,38.0,121900.0
53.0,1.0,39,1,1,1,2,2,1,93.1,159.1,64.2,54.1,1905.0,3,1,91.0,2,3.03,3.15,9.0,68.0,5000.0,31.0,38.0,135900.0
54.0,1.0,40,1,1,2,3,2,1,93.1,166.8,64.2,54.1,1945.0,3,1,91.0,2,3.03,3.15,9.0,68.0,5000.0,31.0,38.0,133900.0
55.0,1.0,41,1,1,2,3,2,1,93.1,166.8,64.2,54.1,1950.0,3,1,91.0,2,3.08,3.15,9.0,68.0,5000.0,31.0,38.0,147900.0
56.0,3.0,42,1,1,1,2,1,1,95.3,169.0,65.7,49.6,2380.0,4,5,70.0,6,3.33,3.255,9.4,101.0,6000.0,17.0,23.0,218900.0
57.0,3.0,43,1,1,1,2,1,1,95.3,169.0,65.7,49.6,2380.0,4,5,70.0,6,3.33,3.255,9.4,101.0,6000.0,17.0,23.0,236900.0
58.0,3.0,44,1,1,1,2,1,1,95.3,169.0,65.7,49.6,2385.0,4,5,70.0,6,3.33,3.255,9.4,101.0,6000.0,17.0,23.0,272900.0
59.0,3.0,45,1,1,1,2,1,1,95.3,169.0,65.7,49.6,2500.0,4,5,80.0,1,3.33,3.255,9.4,135.0,6000.0,16.0,23.0,312900.0
60.0,1.0,42,1,1,1,2,2,1,98.8,177.8,66.5,53.7,2385.0,3,1,122.0,2,3.39,3.39,8.6,84.0,4800.0,26.0,32.0,176900.0
61.0,0.0,46,1,1,2,3,2,1,98.8,177.8,66.5,55.5,2410.0,3,1,122.0,2,3.39,3.39,8.6,84.0,4800.0,26.0,32.0,169900.0
62.0,1.0,47,1,1,1,2,2,1,98.8,177.8,66.5,53.7,2385.0,3,1,122.0,2,3.39,3.39,8.6,84.0,4800.0,26.0,32.0,211900.0
63.0,0.0,40,1,1,2,3,2,1,98.8,177.8,66.5,55.5,2410.0,3,1,122.0,2,3.39,3.39,8.6,84.0,4800.0,26.0,32.0,204900.0
64.0,0.0,41,2,1,2,3,2,1,98.8,177.8,66.5,55.5,2443.0,3,1,122.0,7,3.39,3.39,22.7,64.0,4650.0,36.0,42.0,215900.0
65.0,0.0,42,1,1,2,2,2,1,98.8,177.8,66.5,55.5,2425.0,3,1,122.0,2,3.39,3.39,8.6,84.0,4800.0,26.0,32.0,224900.0
66.0,0.0,43,1,1,2,3,1,1,104.9,175.0,66.1,54.4,2670.0,3,1,140.0,1,3.76,3.16,8.0,120.0,5000.0,19.0,27.0,365600.0
67.0,0.0,44,2,1,2,3,1,1,104.9,175.0,66.1,54.4,2700.0,3,1,134.0,7,3.43,3.64,22.0,72.0,4200.0,31.0,39.0,366880.0
68.0,-1.0,48,2,2,2,3,1,1,110.0,190.9,70.3,56.5,3515.0,3,3,183.0,7,3.58,3.64,21.5,123.0,4350.0,22.0,25.0,511040.0
69.0,-1.0,49,2,2,2,4,1,1,110.0,190.9,70.3,58.7,3750.0,3,3,183.0,7,3.58,3.64,21.5,123.0,4350.0,22.0,25.0,564960.0
70.0,0.0,50,2,2,1,5,1,1,106.7,187.5,70.3,54.9,3495.0,3,3,183.0,7,3.58,3.64,21.5,123.0,4350.0,22.0,25.0,563520.0
72.0,-1.0,51,1,1,2,3,1,1,115.6,202.6,71.7,56.5,3740.0,2,6,234.0,1,3.46,3.1,8.3,155.0,4750.0,16.0,18.0,683680.0
73.0,3.0,52,1,1,1,1,1,1,96.6,180.3,70.5,50.8,3685.0,2,6,234.0,1,3.46,3.1,8.3,155.0,4750.0,16.0,18.0,701120.0
74.0,0.0,53,1,1,2,3,1,1,120.9,208.1,71.7,56.7,3900.0,2,6,308.0,1,3.8,3.35,8.0,184.0,4500.0,14.0,16.0,819200.0
75.0,1.0,54,1,1,1,5,1,1,112.0,199.2,72.0,55.4,3715.0,2,6,304.0,1,3.8,3.35,8.0,184.0,4500.0,14.0,16.0,908000.0
77.0,2.0,55,1,1,1,2,2,1,93.7,157.3,64.4,50.8,1918.0,3,1,92.0,2,2.97,3.23,9.4,68.0,5500.0,37.0,41.0,107780.0
78.0,2.0,56,1,1,1,2,2,1,93.7,157.3,64.4,50.8,1944.0,3,1,92.0,2,2.97,3.23,9.4,68.0,5500.0,31.0,38.0,123780.0
80.0,1.0,57,1,2,1,2,2,1,93.0,157.3,63.8,50.8,2145.0,3,1,98.0,8,3.03,3.39,7.6,102.0,5500.0,24.0,30.0,153780.0
81.0,3.0,58,1,2,1,2,2,1,96.3,173.0,65.4,49.4,2370.0,3,1,110.0,8,3.17,3.46,7.5,116.0,5500.0,23.0,30.0,199180.0
82.0,3.0,57,1,1,1,2,2,1,96.3,173.0,65.4,49.4,2328.0,3,1,122.0,2,3.35,3.46,8.5,88.0,5000.0,25.0,32.0,169980.0
83.0,3.0,59,1,2,1,2,2,1,95.9,173.2,66.3,50.2,2833.0,3,1,156.0,8,3.58,3.86,7.0,145.0,5000.0,19.0,24.0,252580.0
84.0,3.0,57,1,2,1,2,2,1,95.9,173.2,66.3,50.2,2921.0,3,1,156.0,8,3.59,3.86,7.0,145.0,5000.0,19.0,24.0,297380.0
85.0,3.0,58,1,2,1,2,2,1,95.9,173.2,66.3,50.2,2926.0,3,1,156.0,8,3.59,3.86,7.0,145.0,5000.0,19.0,24.0,289780.0
87.0,1.0,60,1,1,2,3,2,1,96.3,172.4,65.4,51.6,2405.0,3,1,122.0,2,3.35,3.46,8.5,88.0,5000.0,25.0,32.0,163780.0
88.0,1.0,59,1,2,2,3,2,1,96.3,172.4,65.4,51.6,2403.0,3,1,110.0,8,3.17,3.46,7.5,116.0,5500.0,23.0,30.0,185580.0
90.0,1.0,61,1,1,1,3,2,1,94.5,165.3,63.8,54.5,1889.0,3,1,97.0,2,3.15,3.29,9.4,69.0,5200.0,31.0,37.0,109980.0
92.0,1.0,62,1,1,1,3,2,1,94.5,165.3,63.8,54.5,1918.0,3,1,97.0,2,3.15,3.29,9.4,69.0,5200.0,31.0,37.0,132980.0
93.0,1.0,63,1,1,2,3,2,1,94.5,165.3,63.8,54.5,1938.0,3,1,97.0,2,3.15,3.29,9.4,69.0,5200.0,31.0,37.0,136980.0
94.0,1.0,64,1,1,2,4,2,1,94.5,170.2,63.8,53.5,2024.0,3,1,97.0,2,3.15,3.29,9.4,69.0,5200.0,31.0,37.0,146980.0
97.0,1.0,63,1,1,2,3,2,1,94.5,165.3,63.8,54.5,1971.0,3,1,97.0,2,3.15,3.29,9.4,69.0,5200.0,31.0,37.0,149980.0
98.0,1.0,65,1,1,2,4,2,1,94.5,170.2,63.8,53.5,2037.0,3,1,97.0,2,3.15,3.29,9.4,69.0,5200.0,31.0,37.0,159980.0
99.0,2.0,66,1,1,1,5,2,1,95.1,162.4,63.8,53.3,2008.0,3,1,97.0,2,3.15,3.29,9.4,69.0,5200.0,31.0,37.0,164980.0
100.0,0.0,62,1,1,2,2,2,1,97.2,173.4,65.2,54.7,2324.0,3,1,120.0,2,3.33,3.47,8.5,97.0,5200.0,27.0,34.0,178980.0
101.0,0.0,67,1,1,2,3,2,1,97.2,173.4,65.2,54.7,2302.0,3,1,120.0,2,3.33,3.47,8.5,97.0,5200.0,27.0,34.0,190980.0
102.0,0.0,68,1,1,2,3,2,1,100.4,181.7,66.5,55.1,3095.0,2,2,181.0,1,3.43,3.27,9.0,152.0,5200.0,17.0,22.0,269980.0
103.0,0.0,69,1,1,2,4,2,1,100.4,184.6,66.5,56.1,3296.0,2,2,181.0,1,3.43,3.27,9.0,152.0,5200.0,17.0,22.0,287980.0
104.0,0.0,70,1,1,2,3,2,1,100.4,184.6,66.5,55.1,3060.0,2,2,181.0,1,3.43,3.27,9.0,152.0,5200.0,19.0,25.0,269980.0
105.0,3.0,71,1,1,1,2,1,1,91.3,170.7,67.9,49.7,3071.0,2,2,181.0,1,3.43,3.27,9.0,160.0,5200.0,19.0,25.0,343980.0
106.0,3.0,72,1,2,1,2,1,1,91.3,170.7,67.9,49.7,3139.0,2,2,181.0,1,3.43,3.27,7.8,200.0,5200.0,17.0,23.0,393980.0
107.0,1.0,66,1,1,1,2,1,1,99.2,178.5,67.9,49.7,3139.0,2,2,181.0,1,3.43,3.27,9.0,160.0,5200.0,19.0,25.0,367980.0
109.0,0.0,73,2,2,2,3,1,1,107.9,186.7,68.4,56.7,3197.0,5,1,152.0,7,3.7,3.52,21.0,95.0,4150.0,28.0,33.0,264000.0
110.0,0.0,74,1,1,2,4,1,1,114.2,198.9,68.4,58.7,3230.0,5,1,120.0,1,3.46,3.19,8.4,97.0,5000.0,19.0,24.0,248800.0
111.0,0.0,75,2,2,2,4,1,1,114.2,198.9,68.4,58.7,3430.0,5,1,152.0,7,3.7,3.52,21.0,95.0,4150.0,25.0,25.0,277200.0
112.0,0.0,75,1,1,2,3,1,1,107.9,186.7,68.4,56.7,3075.0,5,1,120.0,1,3.46,2.19,8.4,95.0,5000.0,19.0,24.0,311600.0
114.0,0.0,75,1,1,2,4,1,1,114.2,198.9,68.4,56.7,3285.0,5,1,120.0,1,3.46,2.19,8.4,95.0,5000.0,19.0,24.0,333900.0
115.0,0.0,76,2,2,2,4,1,1,114.2,198.9,68.4,58.7,3485.0,5,1,152.0,7,3.7,3.52,21.0,95.0,4150.0,25.0,25.0,341500.0
116.0,0.0,75,1,1,2,3,1,1,107.9,186.7,68.4,56.7,3075.0,5,1,120.0,1,3.46,3.19,8.4,97.0,5000.0,19.0,24.0,332600.0
117.0,0.0,75,2,2,2,3,1,1,107.9,186.7,68.4,56.7,3252.0,5,1,152.0,7,3.7,3.52,21.0,95.0,4150.0,28.0,33.0,359000.0
118.0,0.0,77,1,2,2,3,1,1,108.0,186.7,68.3,56.0,3130.0,5,1,134.0,1,3.61,3.21,7.0,142.0,5600.0,18.0,24.0,363000.0
119.0,1.0,78,1,1,1,2,2,1,93.7,157.3,63.8,50.8,1918.0,3,1,90.0,2,2.97,3.23,9.4,68.0,5500.0,37.0,41.0,111440.0
120.0,1.0,79,1,2,1,2,2,1,93.7,157.3,63.8,50.8,2128.0,3,1,98.0,8,3.03,3.39,7.6,102.0,5500.0,24.0,30.0,159140.0
121.0,1.0,78,1,1,2,2,2,1,93.7,157.3,63.8,50.6,1967.0,3,1,90.0,2,2.97,3.23,9.4,68.0,5500.0,31.0,38.0,124580.0
122.0,1.0,80,1,1,2,3,2,1,93.7,167.3,63.8,50.8,1989.0,3,1,90.0,2,2.97,3.23,9.4,68.0,5500.0,31.0,38.0,133840.0
123.0,1.0,81,1,1,2,3,2,1,93.7,167.3,63.8,50.8,2191.0,3,1,98.0,2,2.97,3.23,9.4,68.0,5500.0,31.0,38.0,152180.0
125.0,3.0,82,1,2,1,2,1,1,95.9,173.2,66.3,50.2,2818.0,3,1,156.0,8,3.59,3.86,7.0,145.0,5000.0,19.0,24.0,255280.0
127.0,3.0,83,1,1,1,5,1,2,89.5,168.9,65.0,51.6,2756.0,6,2,194.0,1,3.74,2.9,9.5,207.0,5900.0,17.0,25.0,650560.0
128.0,3.0,84,1,1,1,5,1,2,89.5,168.9,65.0,51.6,2756.0,6,2,194.0,1,3.74,2.9,9.5,207.0,5900.0,17.0,25.0,680560.0
129.0,3.0,85,1,1,1,1,1,2,89.5,168.9,65.0,51.6,2800.0,6,2,194.0,1,3.74,2.9,9.5,207.0,5900.0,17.0,25.0,740560.0
130.0,1.0,84,1,1,1,2,1,1,98.4,175.7,72.3,50.5,3366.0,7,6,203.0,1,3.94,3.11,10.0,288.0,5750.0,17.0,28.0,628010.0
131.0,0.0,86,1,1,2,4,2,1,96.1,181.5,66.5,55.2,2579.0,3,1,132.0,1,3.46,3.9,8.7,90.0,5100.0,23.0,31.0,185900.0
132.0,2.0,87,1,1,1,2,2,1,96.1,176.8,66.6,50.5,2460.0,3,1,132.0,1,3.46,3.9,8.7,90.0,5100.0,23.0,31.0,197900.0
135.0,3.0,88,1,1,1,2,2,1,99.1,186.6,66.5,56.1,2707.0,3,1,121.0,1,2.54,2.07,9.3,110.0,5250.0,21.0,28.0,300800.0
136.0,2.0,89,1,1,2,3,2,1,99.1,186.6,66.5,56.1,2758.0,3,1,121.0,1,3.54,3.07,9.3,110.0,5250.0,21.0,28.0,310200.0
137.0,3.0,89,1,2,1,2,2,1,99.1,186.6,66.5,56.1,2808.0,1,1,121.0,1,3.54,3.07,9.0,160.0,5500.0,19.0,26.0,363000.0
138.0,2.0,90,1,2,2,3,2,1,99.1,186.6,66.5,56.1,2847.0,1,1,121.0,1,3.54,3.07,9.0,160.0,5500.0,19.0,26.0,372400.0
139.0,2.0,91,1,1,1,2,2,1,93.7,156.9,63.4,53.7,2050.0,6,1,97.0,2,3.62,2.36,9.0,69.0,4900.0,31.0,36.0,102360.0
141.0,2.0,92,1,1,1,2,3,1,93.3,157.3,63.8,55.7,2240.0,6,1,108.0,2,3.62,2.64,8.7,73.0,4400.0,26.0,31.0,152060.0
142.0,0.0,91,1,1,2,3,2,1,97.2,172.0,65.4,52.5,2145.0,6,1,108.0,2,3.62,2.64,9.5,82.0,4800.0,32.0,37.0,142520.0
143.0,0.0,93,1,1,2,3,2,1,97.2,172.0,65.4,52.5,2190.0,6,1,108.0,2,3.62,2.64,9.5,82.0,4400.0,28.0,33.0,155500.0
144.0,0.0,94,1,1,2,3,2,1,97.2,172.0,65.4,52.5,2340.0,6,1,108.0,1,3.62,2.64,9.0,94.0,5200.0,26.0,32.0,199200.0
145.0,0.0,95,1,1,2,3,3,1,97.0,172.0,65.4,54.3,2385.0,6,1,108.0,2,3.62,2.64,9.0,82.0,4800.0,24.0,25.0,184660.0
147.0,0.0,96,1,1,2,4,2,1,97.0,173.5,65.4,53.0,2290.0,6,1,108.0,2,3.62,2.64,9.0,82.0,4800.0,28.0,32.0,149260.0
148.0,0.0,97,1,1,2,4,2,1,97.0,173.5,65.4,53.0,2455.0,6,1,108.0,1,3.62,2.64,9.0,94.0,5200.0,25.0,31.0,203960.0
149.0,0.0,92,1,1,2,4,3,1,96.9,173.6,65.4,54.9,2420.0,6,1,108.0,2,3.62,2.64,9.0,82.0,4800.0,23.0,29.0,160260.0
150.0,0.0,92,1,2,2,4,3,1,96.9,173.6,65.4,54.9,2650.0,6,1,108.0,1,3.62,2.64,7.7,111.0,4800.0,23.0,23.0,233880.0
153.0,1.0,98,1,1,2,2,2,1,95.7,158.7,63.6,54.5,2015.0,3,1,92.0,2,3.05,3.03,9.0,62.0,4800.0,31.0,38.0,129760.0
154.0,0.0,99,1,1,2,4,2,1,95.7,169.7,63.6,59.1,2280.0,3,1,92.0,2,3.05,3.03,9.0,62.0,4800.0,31.0,37.0,138360.0
155.0,0.0,100,1,1,2,4,3,1,95.7,169.7,63.6,59.1,2290.0,3,1,92.0,2,3.05,3.03,9.0,62.0,4800.0,27.0,32.0,157960.0
156.0,0.0,101,1,1,2,4,3,1,95.7,169.7,63.6,59.1,3110.0,3,1,92.0,2,3.05,3.03,9.0,62.0,4800.0,27.0,32.0,175560.0
157.0,0.0,102,1,1,2,3,2,1,95.7,166.3,64.4,53.0,2081.0,3,1,98.0,2,3.19,3.03,9.0,70.0,4800.0,30.0,37.0,138760.0
159.0,0.0,103,2,1,2,3,2,1,95.7,166.3,64.4,53.0,2275.0,3,1,110.0,7,3.27,3.35,22.5,56.0,4500.0,34.0,36.0,157960.0
160.0,0.0,104,2,1,2,2,2,1,95.7,166.3,64.4,52.8,2275.0,3,1,110.0,7,3.27,3.35,22.5,56.0,4500.0,38.0,47.0,155760.0
161.0,0.0,103,1,1,2,3,2,1,95.7,166.3,64.4,53.0,2094.0,3,1,98.0,2,3.19,3.03,9.0,70.0,4800.0,38.0,47.0,154760.0
162.0,0.0,104,1,1,2,2,2,1,95.7,166.3,64.4,52.8,2122.0,3,1,98.0,2,3.19,3.03,9.0,70.0,4800.0,28.0,34.0,167160.0
164.0,1.0,105,1,1,1,3,1,1,94.5,168.7,64.0,52.6,2169.0,3,1,98.0,2,3.19,3.03,9.0,70.0,4800.0,29.0,34.0,161160.0
165.0,1.0,103,1,1,1,2,1,1,94.5,168.7,64.0,52.6,2204.0,3,1,98.0,2,3.19,3.03,9.0,70.0,4800.0,29.0,34.0,164760.0
166.0,1.0,106,1,1,1,3,1,1,94.5,168.7,64.0,52.6,2265.0,1,1,98.0,1,3.24,3.08,9.4,112.0,6600.0,26.0,29.0,185960.0
167.0,1.0,107,1,1,1,2,1,1,94.5,168.7,64.0,52.6,2300.0,1,1,98.0,1,3.24,3.08,9.4,112.0,6600.0,26.0,29.0,190760.0
168.0,2.0,108,1,1,1,5,1,1,98.4,176.2,65.6,52.0,2540.0,3,1,146.0,1,3.62,3.5,9.3,116.0,4800.0,24.0,30.0,168980.0
169.0,2.0,104,1,1,1,5,1,1,98.4,176.2,65.6,52.0,2536.0,3,1,146.0,1,3.62,3.5,9.3,116.0,4800.0,24.0,30.0,192780.0
170.0,2.0,109,1,1,1,2,1,1,98.4,176.2,65.6,52.0,2551.0,3,1,146.0,1,3.62,3.5,9.3,116.0,4800.0,24.0,30.0,199780.0
171.0,2.0,110,1,1,1,5,1,1,98.4,176.2,65.6,52.0,2679.0,3,1,146.0,1,3.62,3.5,9.3,116.0,4800.0,24.0,30.0,223980.0
172.0,2.0,104,1,1,1,2,1,1,98.4,176.2,65.6,52.0,2714.0,3,1,146.0,1,3.62,3.5,9.3,116.0,4800.0,24.0,30.0,230980.0
173.0,2.0,111,1,1,1,1,1,1,98.4,176.2,65.6,53.0,2975.0,3,1,146.0,1,3.62,3.5,9.3,116.0,4800.0,24.0,30.0,353380.0
175.0,-1.0,112,2,2,2,3,2,1,102.4,175.6,66.5,54.9,2480.0,3,1,110.0,7,3.27,3.35,22.5,73.0,4500.0,30.0,33.0,213960.0
178.0,-1.0,102,1,1,2,2,2,1,102.4,175.6,66.5,53.9,2458.0,3,1,122.0,1,3.31,3.54,8.7,92.0,4200.0,27.0,32.0,224960.0
180.0,3.0,103,1,1,1,2,1,1,102.9,183.5,67.7,52.0,3016.0,1,2,171.0,1,3.27,3.35,9.3,161.0,5200.0,19.0,24.0,319960.0
181.0,-1.0,109,1,1,2,3,1,1,104.5,187.8,66.5,54.1,3131.0,1,2,171.0,1,3.27,3.35,9.2,156.0,5200.0,20.0,24.0,313800.0
183.0,2.0,113,2,1,1,3,2,1,97.3,171.7,65.5,55.7,2261.0,3,1,97.0,7,3.01,3.4,23.0,52.0,4800.0,37.0,46.0,155500.0
185.0,2.0,114,2,1,2,3,2,1,97.3,171.7,65.5,55.7,2264.0,3,1,97.0,7,3.01,3.4,23.0,52.0,4800.0,37.0,46.0,159900.0
186.0,2.0,115,1,1,2,3,2,1,97.3,171.7,65.5,55.7,2212.0,3,1,109.0,1,3.19,3.4,9.0,85.0,5250.0,27.0,34.0,163900.0
187.0,2.0,116,1,1,2,3,2,1,97.3,171.7,65.5,55.7,2275.0,3,1,109.0,1,3.19,3.4,9.0,85.0,5250.0,27.0,34.0,169900.0
188.0,2.0,117,2,2,2,3,2,1,97.3,171.7,65.5,55.7,2319.0,3,1,97.0,7,3.01,3.4,23.0,68.0,4500.0,37.0,42.0,189900.0
189.0,2.0,118,1,1,2,3,2,1,97.3,171.7,65.5,55.7,2300.0,3,1,109.0,1,3.19,3.4,10.0,100.0,5500.0,26.0,32.0,199900.0
191.0,3.0,119,1,1,1,2,2,1,94.5,165.7,64.0,51.4,2221.0,3,1,109.0,1,3.19,3.4,8.5,90.0,5500.0,24.0,29.0,199600.0
193.0,0.0,120,2,2,2,3,2,1,100.4,180.2,66.9,55.1,2579.0,3,1,97.0,7,3.01,3.4,23.0,68.0,4500.0,33.0,38.0,276900.0
194.0,0.0,118,1,1,2,4,2,1,100.4,183.1,66.9,55.1,2563.0,3,1,109.0,1,3.19,3.4,9.0,88.0,5500.0,25.0,31.0,245800.0
195.0,-2.0,121,1,1,2,3,1,1,104.3,188.8,67.2,56.2,2912.0,3,1,141.0,1,3.78,3.15,9.5,114.0,5400.0,23.0,28.0,258800.0
196.0,-1.0,122,1,1,2,4,1,1,104.3,188.8,67.2,57.5,3034.0,3,1,141.0,1,3.78,3.15,9.5,114.0,5400.0,23.0,28.0,268300.0
197.0,-2.0,123,1,1,2,3,1,1,104.3,188.8,67.2,56.2,2935.0,3,1,141.0,1,3.78,3.15,9.5,114.0,5400.0,24.0,28.0,319700.0
198.0,-1.0,124,1,1,2,4,1,1,104.3,188.8,67.2,57.5,3042.0,3,1,141.0,1,3.78,3.15,9.5,114.0,5400.0,24.0,28.0,330300.0
199.0,-2.0,125,1,2,2,3,1,1,104.3,188.8,67.2,56.2,3045.0,3,1,130.0,1,3.62,3.15,7.5,162.0,5100.0,17.0,22.0,368400.0
200.0,-1.0,126,1,2,2,4,1,1,104.3,188.8,67.2,57.5,3157.0,3,1,130.0,1,3.62,3.15,7.5,162.0,5100.0,17.0,22.0,379000.0
201.0,-1.0,121,1,1,2,3,1,1,109.1,188.8,68.9,55.5,2952.0,3,1,141.0,1,3.78,3.15,9.5,114.0,5400.0,23.0,28.0,336900.0
202.0,-1.0,122,1,2,2,3,1,1,109.1,188.8,68.8,55.5,3049.0,3,1,141.0,1,3.78,3.15,8.7,160.0,5300.0,19.0,25.0,380900.0
204.0,-1.0,127,2,2,2,3,1,1,109.1,188.8,68.9,55.5,3217.0,3,2,145.0,7,3.01,3.4,23.0,106.0,4800.0,26.0,27.0,449400.0
205.0,-1.0,125,1,2,2,3,1,1,109.1,188.8,68.9,55.5,3062.0,3,1,141.0,1,3.78,3.15,9.5,114.0,5400.0,19.0,25.0,452500.0
